dynamics,step,P_plus_norm_sq,P_minus_norm_sq,ratio
A. Pure A_1 iteration (control),0.0,8.087862e-01,1.912138e-01,2.364207e-01
A. Pure A_1 iteration (control),1.0,4.166800e-01,5.833200e-01,1.399923e+00
A. Pure A_1 iteration (control),2.0,2.860776e-01,7.139224e-01,2.495555e+00
A. Pure A_1 iteration (control),3.0,3.860725e-01,6.139275e-01,1.590187e+00
A. Pure A_1 iteration (control),4.0,5.104132e-01,4.895868e-01,9.591969e-01
A. Pure A_1 iteration (control),5.0,6.242435e-01,3.757565e-01,6.019389e-01
A. Pure A_1 iteration (control),6.0,7.212931e-01,2.787069e-01,3.863990e-01
A. Pure A_1 iteration (control),7.0,7.995536e-01,2.004464e-01,2.506979e-01
A. Pure A_1 iteration (control),8.0,8.595178e-01,1.404822e-01,1.634431e-01
A. Pure A_1 iteration (control),9.0,9.035150e-01,9.648501e-02,1.067885e-01
A. Pure A_1 iteration (control),10.0,9.347194e-01,6.528058e-02,6.983977e-02
A. Pure A_1 iteration (control),11.0,9.563018e-01,4.369816e-02,4.569495e-02
A. Pure A_1 iteration (control),12.0,9.709651e-01,2.903491e-02,2.990314e-02
A. Pure A_1 iteration (control),13.0,9.808051e-01,1.919487e-02,1.957053e-02
A. Pure A_1 iteration (control),14.0,9.873533e-01,1.264670e-02,1.280869e-02
A. Pure A_1 iteration (control),15.0,9.916864e-01,8.313587e-03,8.383283e-03
A. Pure A_1 iteration (control),16.0,9.945430e-01,5.456955e-03,5.486897e-03
A. Pure A_1 iteration (control),17.0,9.964216e-01,3.578360e-03,3.591211e-03
A. Pure A_1 iteration (control),18.0,9.976550e-01,2.344964e-03,2.350475e-03
A. Pure A_1 iteration (control),19.0,9.984640e-01,1.536042e-03,1.538405e-03
A. Pure A_1 iteration (control),20.0,9.989941e-01,1.005886e-03,1.006899e-03
A. Pure A_1 iteration (control),21.0,9.993414e-01,6.585899e-04,6.590240e-04
A. Pure A_1 iteration (control),22.0,9.995688e-01,4.311508e-04,4.313368e-04
A. Pure A_1 iteration (control),23.0,9.997178e-01,2.822339e-04,2.823136e-04
A. Pure A_1 iteration (control),24.0,9.998153e-01,1.847425e-04,1.847766e-04
A. Pure A_1 iteration (control),25.0,9.998791e-01,1.209232e-04,1.209379e-04
A. Pure A_1 iteration (control),26.0,9.999209e-01,7.914860e-05,7.915486e-05
A. Pure A_1 iteration (control),27.0,9.999482e-01,5.180485e-05,5.180753e-05
A. Pure A_1 iteration (control),28.0,9.999661e-01,3.390732e-05,3.390847e-05
A. Pure A_1 iteration (control),29.0,9.999778e-01,2.219289e-05,2.219338e-05
A. Pure A_1 iteration (control),30.0,9.999855e-01,1.452555e-05,1.452576e-05
A. Pure A_1 iteration (control),31.0,9.999905e-01,9.507141e-06,9.507231e-06
A. Pure A_1 iteration (control),32.0,9.999938e-01,6.222525e-06,6.222564e-06
A. Pure A_1 iteration (control),33.0,9.999959e-01,4.072704e-06,4.072721e-06
A. Pure A_1 iteration (control),34.0,9.999973e-01,2.665623e-06,2.665630e-06
A. Pure A_1 iteration (control),35.0,9.999983e-01,1.744675e-06,1.744678e-06
A. Pure A_1 iteration (control),36.0,9.999989e-01,1.141905e-06,1.141906e-06
A. Pure A_1 iteration (control),37.0,9.999993e-01,7.473869e-07,7.473874e-07
A. Pure A_1 iteration (control),38.0,9.999995e-01,4.891712e-07,4.891714e-07
A. Pure A_1 iteration (control),39.0,9.999997e-01,3.201668e-07,3.201669e-07
A. Pure A_1 iteration (control),40.0,9.999998e-01,2.095519e-07,2.095519e-07
A. Pure A_1 iteration (control),41.0,9.999999e-01,1.371535e-07,1.371535e-07
A. Pure A_1 iteration (control),42.0,9.999999e-01,8.976813e-08,8.976814e-08
A. Pure A_1 iteration (control),43.0,9.999999e-01,5.875401e-08,5.875401e-08
A. Pure A_1 iteration (control),44.0,1.000000e+00,3.845500e-08,3.845500e-08
A. Pure A_1 iteration (control),45.0,1.000000e+00,2.516912e-08,2.516912e-08
A. Pure A_1 iteration (control),46.0,1.000000e+00,1.647341e-08,1.647341e-08
A. Pure A_1 iteration (control),47.0,1.000000e+00,1.078198e-08,1.078198e-08
A. Pure A_1 iteration (control),48.0,1.000000e+00,7.056900e-09,7.056900e-09
A. Pure A_1 iteration (control),49.0,1.000000e+00,4.618801e-09,4.618801e-09
A. Pure A_1 iteration (control),50.0,1.000000e+00,3.023044e-09,3.023044e-09
A. Pure A_1 iteration (control),51.0,1.000000e+00,1.978608e-09,1.978608e-09
A. Pure A_1 iteration (control),52.0,1.000000e+00,1.295016e-09,1.295016e-09
A. Pure A_1 iteration (control),53.0,1.000000e+00,8.475988e-10,8.475988e-10
A. Pure A_1 iteration (control),54.0,1.000000e+00,5.547606e-10,5.547606e-10
A. Pure A_1 iteration (control),55.0,1.000000e+00,3.630955e-10,3.630955e-10
A. Pure A_1 iteration (control),56.0,1.000000e+00,2.376490e-10,2.376490e-10
A. Pure A_1 iteration (control),57.0,1.000000e+00,1.555432e-10,1.555432e-10
A. Pure A_1 iteration (control),58.0,1.000000e+00,1.018043e-10,1.018043e-10
A. Pure A_1 iteration (control),59.0,1.000000e+00,6.663176e-11,6.663176e-11
A. Pure A_1 iteration (control),60.0,1.000000e+00,4.361099e-11,4.361099e-11
A. Pure A_1 iteration (control),61.0,1.000000e+00,2.854372e-11,2.854372e-11
A. Pure A_1 iteration (control),62.0,1.000000e+00,1.868204e-11,1.868204e-11
A. Pure A_1 iteration (control),63.0,1.000000e+00,1.222752e-11,1.222752e-11
A. Pure A_1 iteration (control),64.0,1.000000e+00,8.002956e-12,8.002956e-12
A. Pure A_1 iteration (control),65.0,1.000000e+00,5.237950e-12,5.237950e-12
A. Pure A_1 iteration (control),66.0,1.000000e+00,3.428231e-12,3.428231e-12
A. Pure A_1 iteration (control),67.0,1.000000e+00,2.243761e-12,2.243761e-12
A. Pure A_1 iteration (control),68.0,1.000000e+00,1.468517e-12,1.468517e-12
A. Pure A_1 iteration (control),69.0,1.000000e+00,9.610981e-13,9.610981e-13
A. Pure A_1 iteration (control),70.0,1.000000e+00,6.289987e-13,6.289987e-13
A. Pure A_1 iteration (control),71.0,1.000000e+00,4.116257e-13,4.116257e-13
A. Pure A_1 iteration (control),72.0,1.000000e+00,2.693708e-13,2.693708e-13
A. Pure A_1 iteration (control),73.0,1.000000e+00,1.762760e-13,1.762760e-13
A. Pure A_1 iteration (control),74.0,1.000000e+00,1.153446e-13,1.153446e-13
A. Pure A_1 iteration (control),75.0,1.000000e+00,7.541253e-14,7.541253e-14
A. Pure A_1 iteration (control),76.0,1.000000e+00,4.929964e-14,4.929964e-14
A. Pure A_1 iteration (control),77.0,1.000000e+00,3.221242e-14,3.221242e-14
A. Pure A_1 iteration (control),78.0,1.000000e+00,2.102983e-14,2.102983e-14
A. Pure A_1 iteration (control),79.0,1.000000e+00,1.372497e-14,1.372497e-14
A. Pure A_1 iteration (control),80.0,1.000000e+00,8.952426e-15,8.952426e-15
A. Pure A_1 iteration (control),81.0,1.000000e+00,5.793403e-15,5.793403e-15
A. Pure A_1 iteration (control),82.0,1.000000e+00,3.756314e-15,3.756314e-15
A. Pure A_1 iteration (control),83.0,1.000000e+00,2.384198e-15,2.384198e-15
A. Pure A_1 iteration (control),84.0,1.000000e+00,1.538889e-15,1.538889e-15
A. Pure A_1 iteration (control),85.0,1.000000e+00,9.244911e-16,9.244911e-16
A. Pure A_1 iteration (control),86.0,1.000000e+00,5.609238e-16,5.609238e-16
A. Pure A_1 iteration (control),87.0,1.000000e+00,3.180573e-16,3.180573e-16
A. Pure A_1 iteration (control),88.0,1.000000e+00,1.450759e-16,1.450759e-16
A. Pure A_1 iteration (control),89.0,1.000000e+00,4.549377e-17,4.549377e-17
A. Pure A_1 iteration (control),90.0,1.000000e+00,-9.607493e-18,-9.607493e-18
A. Pure A_1 iteration (control),91.0,1.000000e+00,-8.762454e-17,-8.762454e-17
A. Pure A_1 iteration (control),92.0,1.000000e+00,-7.415918e-17,-7.415918e-17
A. Pure A_1 iteration (control),93.0,1.000000e+00,-1.048604e-16,-1.048604e-16
A. Pure A_1 iteration (control),94.0,1.000000e+00,-1.196026e-16,-1.196026e-16
A. Pure A_1 iteration (control),95.0,1.000000e+00,-1.492824e-16,-1.492824e-16
A. Pure A_1 iteration (control),96.0,1.000000e+00,-1.414137e-16,-1.414137e-16
A. Pure A_1 iteration (control),97.0,1.000000e+00,-1.537587e-16,-1.537587e-16
A. Pure A_1 iteration (control),98.0,1.000000e+00,-1.453180e-16,-1.453180e-16
A. Pure A_1 iteration (control),99.0,1.000000e+00,-1.497710e-16,-1.497710e-16
A. Pure A_1 iteration (control),100.0,1.000000e+00,-1.441962e-16,-1.441962e-16
A. Pure A_1 iteration (control),101.0,1.000000e+00,-1.579134e-16,-1.579134e-16
A. Pure A_1 iteration (control),102.0,1.000000e+00,-1.490765e-16,-1.490765e-16
A. Pure A_1 iteration (control),103.0,1.000000e+00,-1.480101e-16,-1.480101e-16
A. Pure A_1 iteration (control),104.0,1.000000e+00,-1.550816e-16,-1.550816e-16
A. Pure A_1 iteration (control),105.0,1.000000e+00,-1.380195e-16,-1.380195e-16
A. Pure A_1 iteration (control),106.0,1.000000e+00,-1.403149e-16,-1.403149e-16
A. Pure A_1 iteration (control),107.0,1.000000e+00,-1.298354e-16,-1.298354e-16
A. Pure A_1 iteration (control),108.0,1.000000e+00,-1.655787e-16,-1.655787e-16
A. Pure A_1 iteration (control),109.0,1.000000e+00,-1.373338e-16,-1.373338e-16
A. Pure A_1 iteration (control),110.0,1.000000e+00,-1.344978e-16,-1.344978e-16
A. Pure A_1 iteration (control),111.0,1.000000e+00,-1.421875e-16,-1.421875e-16
A. Pure A_1 iteration (control),112.0,1.000000e+00,-1.463110e-16,-1.463110e-16
A. Pure A_1 iteration (control),113.0,1.000000e+00,-1.472652e-16,-1.472652e-16
A. Pure A_1 iteration (control),114.0,1.000000e+00,-1.449716e-16,-1.449716e-16
A. Pure A_1 iteration (control),115.0,1.000000e+00,-1.373722e-16,-1.373722e-16
A. Pure A_1 iteration (control),116.0,1.000000e+00,-1.516255e-16,-1.516255e-16
A. Pure A_1 iteration (control),117.0,1.000000e+00,-1.304855e-16,-1.304855e-16
A. Pure A_1 iteration (control),118.0,1.000000e+00,-1.430754e-16,-1.430754e-16
A. Pure A_1 iteration (control),119.0,1.000000e+00,-1.357121e-16,-1.357121e-16
A. Pure A_1 iteration (control),120.0,1.000000e+00,-1.396712e-16,-1.396712e-16
A. Pure A_1 iteration (control),121.0,1.000000e+00,-1.356333e-16,-1.356333e-16
A. Pure A_1 iteration (control),122.0,1.000000e+00,-1.599413e-16,-1.599413e-16
A. Pure A_1 iteration (control),123.0,1.000000e+00,-1.598622e-16,-1.598622e-16
A. Pure A_1 iteration (control),124.0,1.000000e+00,-1.362669e-16,-1.362669e-16
A. Pure A_1 iteration (control),125.0,1.000000e+00,-1.448974e-16,-1.448974e-16
A. Pure A_1 iteration (control),126.0,1.000000e+00,-1.636628e-16,-1.636628e-16
A. Pure A_1 iteration (control),127.0,1.000000e+00,-1.525778e-16,-1.525778e-16
A. Pure A_1 iteration (control),128.0,1.000000e+00,-1.319121e-16,-1.319121e-16
A. Pure A_1 iteration (control),129.0,1.000000e+00,-1.578828e-16,-1.578828e-16
A. Pure A_1 iteration (control),130.0,1.000000e+00,-1.251027e-16,-1.251027e-16
A. Pure A_1 iteration (control),131.0,1.000000e+00,-1.482230e-16,-1.482230e-16
A. Pure A_1 iteration (control),132.0,1.000000e+00,-1.513109e-16,-1.513109e-16
A. Pure A_1 iteration (control),133.0,1.000000e+00,-1.445807e-16,-1.445807e-16
A. Pure A_1 iteration (control),134.0,1.000000e+00,-1.688887e-16,-1.688887e-16
A. Pure A_1 iteration (control),135.0,1.000000e+00,-1.289033e-16,-1.289033e-16
A. Pure A_1 iteration (control),136.0,1.000000e+00,-1.565367e-16,-1.565367e-16
A. Pure A_1 iteration (control),137.0,1.000000e+00,-1.436306e-16,-1.436306e-16
A. Pure A_1 iteration (control),138.0,1.000000e+00,-1.465602e-16,-1.465602e-16
A. Pure A_1 iteration (control),139.0,1.000000e+00,-1.734019e-16,-1.734019e-16
A. Pure A_1 iteration (control),140.0,1.000000e+00,-1.603373e-16,-1.603373e-16
A. Pure A_1 iteration (control),141.0,1.000000e+00,-1.459268e-16,-1.459268e-16
A. Pure A_1 iteration (control),142.0,1.000000e+00,-1.422054e-16,-1.422054e-16
A. Pure A_1 iteration (control),143.0,1.000000e+00,-1.547156e-16,-1.547156e-16
A. Pure A_1 iteration (control),144.0,1.000000e+00,-1.430763e-16,-1.430763e-16
A. Pure A_1 iteration (control),145.0,1.000000e+00,-1.429180e-16,-1.429180e-16
A. Pure A_1 iteration (control),146.0,1.000000e+00,-1.521819e-16,-1.521819e-16
A. Pure A_1 iteration (control),147.0,1.000000e+00,-1.347625e-16,-1.347625e-16
A. Pure A_1 iteration (control),148.0,1.000000e+00,-1.518652e-16,-1.518652e-16
A. Pure A_1 iteration (control),149.0,1.000000e+00,-1.478271e-16,-1.478271e-16
A. Pure A_1 iteration (control),150.0,1.000000e+00,-1.681761e-16,-1.681761e-16
A. Pure A_1 iteration (control),151.0,1.000000e+00,-1.620001e-16,-1.620001e-16
A. Pure A_1 iteration (control),152.0,1.000000e+00,-1.516277e-16,-1.516277e-16
A. Pure A_1 iteration (control),153.0,1.000000e+00,-1.429180e-16,-1.429180e-16
A. Pure A_1 iteration (control),154.0,1.000000e+00,-1.248652e-16,-1.248652e-16
A. Pure A_1 iteration (control),155.0,1.000000e+00,-1.490939e-16,-1.490939e-16
A. Pure A_1 iteration (control),156.0,1.000000e+00,-1.504400e-16,-1.504400e-16
A. Pure A_1 iteration (control),157.0,1.000000e+00,-1.515485e-16,-1.515485e-16
A. Pure A_1 iteration (control),158.0,1.000000e+00,-1.400675e-16,-1.400675e-16
A. Pure A_1 iteration (control),159.0,1.000000e+00,-1.357127e-16,-1.357127e-16
A. Pure A_1 iteration (control),160.0,1.000000e+00,-1.456101e-16,-1.456101e-16
A. Pure A_1 iteration (control),161.0,1.000000e+00,-1.524986e-16,-1.524986e-16
A. Pure A_1 iteration (control),162.0,1.000000e+00,-1.433139e-16,-1.433139e-16
A. Pure A_1 iteration (control),163.0,1.000000e+00,-1.511526e-16,-1.511526e-16
A. Pure A_1 iteration (control),164.0,1.000000e+00,-1.557450e-16,-1.557450e-16
A. Pure A_1 iteration (control),165.0,1.000000e+00,-1.471936e-16,-1.471936e-16
A. Pure A_1 iteration (control),166.0,1.000000e+00,-1.474312e-16,-1.474312e-16
A. Pure A_1 iteration (control),167.0,1.000000e+00,-1.512318e-16,-1.512318e-16
A. Pure A_1 iteration (control),168.0,1.000000e+00,-1.353960e-16,-1.353960e-16
A. Pure A_1 iteration (control),169.0,1.000000e+00,-1.350793e-16,-1.350793e-16
A. Pure A_1 iteration (control),170.0,1.000000e+00,-1.426804e-16,-1.426804e-16
A. Pure A_1 iteration (control),171.0,1.000000e+00,-1.521819e-16,-1.521819e-16
A. Pure A_1 iteration (control),172.0,1.000000e+00,-1.524986e-16,-1.524986e-16
A. Pure A_1 iteration (control),173.0,1.000000e+00,-1.490939e-16,-1.490939e-16
A. Pure A_1 iteration (control),174.0,1.000000e+00,-1.426804e-16,-1.426804e-16
A. Pure A_1 iteration (control),175.0,1.000000e+00,-1.415719e-16,-1.415719e-16
A. Pure A_1 iteration (control),176.0,1.000000e+00,-1.569326e-16,-1.569326e-16
A. Pure A_1 iteration (control),177.0,1.000000e+00,-1.635045e-16,-1.635045e-16
A. Pure A_1 iteration (control),178.0,1.000000e+00,-1.437098e-16,-1.437098e-16
A. Pure A_1 iteration (control),179.0,1.000000e+00,-1.639796e-16,-1.639796e-16
A. Pure A_1 iteration (control),180.0,1.000000e+00,-1.364253e-16,-1.364253e-16
A. Pure A_1 iteration (control),181.0,1.000000e+00,-1.589121e-16,-1.589121e-16
A. Pure A_1 iteration (control),182.0,1.000000e+00,-1.350001e-16,-1.350001e-16
A. Pure A_1 iteration (control),183.0,1.000000e+00,-1.589121e-16,-1.589121e-16
A. Pure A_1 iteration (control),184.0,1.000000e+00,-1.350001e-16,-1.350001e-16
A. Pure A_1 iteration (control),185.0,1.000000e+00,-1.589121e-16,-1.589121e-16
A. Pure A_1 iteration (control),186.0,1.000000e+00,-1.350001e-16,-1.350001e-16
A. Pure A_1 iteration (control),187.0,1.000000e+00,-1.589121e-16,-1.589121e-16
A. Pure A_1 iteration (control),188.0,1.000000e+00,-1.350001e-16,-1.350001e-16
A. Pure A_1 iteration (control),189.0,1.000000e+00,-1.589121e-16,-1.589121e-16
A. Pure A_1 iteration (control),190.0,1.000000e+00,-1.350001e-16,-1.350001e-16
A. Pure A_1 iteration (control),191.0,1.000000e+00,-1.589121e-16,-1.589121e-16
A. Pure A_1 iteration (control),192.0,1.000000e+00,-1.350001e-16,-1.350001e-16
A. Pure A_1 iteration (control),193.0,1.000000e+00,-1.589121e-16,-1.589121e-16
A. Pure A_1 iteration (control),194.0,1.000000e+00,-1.350001e-16,-1.350001e-16
A. Pure A_1 iteration (control),195.0,1.000000e+00,-1.589121e-16,-1.589121e-16
A. Pure A_1 iteration (control),196.0,1.000000e+00,-1.350001e-16,-1.350001e-16
A. Pure A_1 iteration (control),197.0,1.000000e+00,-1.589121e-16,-1.589121e-16
A. Pure A_1 iteration (control),198.0,1.000000e+00,-1.350001e-16,-1.350001e-16
A. Pure A_1 iteration (control),199.0,1.000000e+00,-1.589121e-16,-1.589121e-16
A. Pure A_1 iteration (control),200.0,1.000000e+00,-1.350001e-16,-1.350001e-16
B. Gradient closure-flow,0.0,8.087862e-01,1.912138e-01,2.364207e-01
B. Gradient closure-flow,1.0,7.630808e-01,2.369192e-01,3.104772e-01
B. Gradient closure-flow,2.0,6.769540e-01,3.230460e-01,4.772053e-01
B. Gradient closure-flow,3.0,5.571166e-01,4.428834e-01,7.949564e-01
B. Gradient closure-flow,4.0,4.385876e-01,5.614124e-01,1.280046e+00
B. Gradient closure-flow,5.0,3.646840e-01,6.353160e-01,1.742100e+00
B. Gradient closure-flow,6.0,3.502443e-01,6.497557e-01,1.855150e+00
B. Gradient closure-flow,7.0,3.802592e-01,6.197408e-01,1.629785e+00
B. Gradient closure-flow,8.0,4.338247e-01,5.661753e-01,1.305079e+00
B. Gradient closure-flow,9.0,4.965701e-01,5.034299e-01,1.013814e+00
B. Gradient closure-flow,10.0,5.606683e-01,4.393317e-01,7.835856e-01
B. Gradient closure-flow,11.0,6.221655e-01,3.778345e-01,6.072894e-01
B. Gradient closure-flow,12.0,6.790847e-01,3.209153e-01,4.725704e-01
B. Gradient closure-flow,13.0,7.304590e-01,2.695410e-01,3.690022e-01
B. Gradient closure-flow,14.0,7.758947e-01,2.241053e-01,2.888347e-01
B. Gradient closure-flow,15.0,8.153711e-01,1.846289e-01,2.264355e-01
B. Gradient closure-flow,16.0,8.491302e-01,1.508698e-01,1.776757e-01
B. Gradient closure-flow,17.0,8.775952e-01,1.224048e-01,1.394775e-01
B. Gradient closure-flow,18.0,9.013000e-01,9.869996e-02,1.095084e-01
B. Gradient closure-flow,19.0,9.208296e-01,7.917038e-02,8.597723e-02
B. Gradient closure-flow,20.0,9.367727e-01,6.322734e-02,6.749486e-02
B. Gradient closure-flow,21.0,9.496880e-01,5.031197e-02,5.297737e-02
B. Gradient closure-flow,22.0,9.600841e-01,3.991591e-02,4.157543e-02
B. Gradient closure-flow,23.0,9.684085e-01,3.159152e-02,3.262210e-02
B. Gradient closure-flow,24.0,9.750456e-01,2.495440e-02,2.559306e-02
B. Gradient closure-flow,25.0,9.803192e-01,1.968080e-02,2.007591e-02
B. Gradient closure-flow,26.0,9.844978e-01,1.550223e-02,1.574633e-02
B. Gradient closure-flow,27.0,9.878013e-01,1.219866e-02,1.234930e-02
B. Gradient closure-flow,28.0,9.904085e-01,9.591485e-03,9.684372e-03
B. Gradient closure-flow,29.0,9.924632e-01,7.536800e-03,7.594035e-03
B. Gradient closure-flow,30.0,9.940807e-01,5.919332e-03,5.954579e-03
B. Gradient closure-flow,31.0,9.953528e-01,4.647167e-03,4.668864e-03
B. Gradient closure-flow,32.0,9.963527e-01,3.647286e-03,3.660637e-03
B. Gradient closure-flow,33.0,9.971382e-01,2.861843e-03,2.870056e-03
B. Gradient closure-flow,34.0,9.977549e-01,2.245115e-03,2.250167e-03
B. Gradient closure-flow,35.0,9.982390e-01,1.761028e-03,1.764135e-03
B. Gradient closure-flow,36.0,9.986188e-01,1.381155e-03,1.383066e-03
B. Gradient closure-flow,37.0,9.989169e-01,1.083125e-03,1.084299e-03
B. Gradient closure-flow,38.0,9.991507e-01,8.493425e-04,8.500645e-04
B. Gradient closure-flow,39.0,9.993340e-01,6.659817e-04,6.664256e-04
B. Gradient closure-flow,40.0,9.994778e-01,5.221825e-04,5.224553e-04
B. Gradient closure-flow,41.0,9.995906e-01,4.094180e-04,4.095857e-04
B. Gradient closure-flow,42.0,9.996790e-01,3.209960e-04,3.210991e-04
B. Gradient closure-flow,43.0,9.997483e-01,2.516650e-04,2.517284e-04
B. Gradient closure-flow,44.0,9.998027e-01,1.973053e-04,1.973442e-04
B. Gradient closure-flow,45.0,9.998453e-01,1.546852e-04,1.547092e-04
B. Gradient closure-flow,46.0,9.998787e-01,1.212703e-04,1.212850e-04
B. Gradient closure-flow,47.0,9.999049e-01,9.507281e-05,9.508185e-05
B. Gradient closure-flow,48.0,9.999255e-01,7.453418e-05,7.453974e-05
B. Gradient closure-flow,49.0,9.999416e-01,5.843223e-05,5.843565e-05
B. Gradient closure-flow,50.0,9.999542e-01,4.580868e-05,4.581078e-05
B. Gradient closure-flow,51.0,9.999641e-01,3.591217e-05,3.591346e-05
B. Gradient closure-flow,52.0,9.999718e-01,2.815364e-05,2.815443e-05
B. Gradient closure-flow,53.0,9.999779e-01,2.207123e-05,2.207172e-05
B. Gradient closure-flow,54.0,9.999827e-01,1.730286e-05,1.730316e-05
B. Gradient closure-flow,55.0,9.999864e-01,1.356466e-05,1.356484e-05
B. Gradient closure-flow,56.0,9.999894e-01,1.063407e-05,1.063418e-05
B. Gradient closure-flow,57.0,9.999917e-01,8.336611e-06,8.336680e-06
B. Gradient closure-flow,58.0,9.999935e-01,6.535510e-06,6.535552e-06
B. Gradient closure-flow,59.0,9.999949e-01,5.123529e-06,5.123555e-06
B. Gradient closure-flow,60.0,9.999960e-01,4.016602e-06,4.016618e-06
B. Gradient closure-flow,61.0,9.999969e-01,3.148823e-06,3.148833e-06
B. Gradient closure-flow,62.0,9.999975e-01,2.468526e-06,2.468532e-06
B. Gradient closure-flow,63.0,9.999981e-01,1.935205e-06,1.935209e-06
B. Gradient closure-flow,64.0,9.999985e-01,1.517107e-06,1.517109e-06
B. Gradient closure-flow,65.0,9.999988e-01,1.189338e-06,1.189340e-06
B. Gradient closure-flow,66.0,9.999991e-01,9.323834e-07,9.323843e-07
B. Gradient closure-flow,67.0,9.999993e-01,7.309433e-07,7.309438e-07
B. Gradient closure-flow,68.0,9.999994e-01,5.730240e-07,5.730243e-07
B. Gradient closure-flow,69.0,9.999996e-01,4.492229e-07,4.492231e-07
B. Gradient closure-flow,70.0,9.999996e-01,3.521689e-07,3.521690e-07
B. Gradient closure-flow,71.0,9.999997e-01,2.760832e-07,2.760833e-07
B. Gradient closure-flow,72.0,9.999998e-01,2.164358e-07,2.164359e-07
B. Gradient closure-flow,73.0,9.999998e-01,1.696751e-07,1.696752e-07
B. Gradient closure-flow,74.0,9.999999e-01,1.330170e-07,1.330170e-07
B. Gradient closure-flow,75.0,9.999999e-01,1.042789e-07,1.042789e-07
B. Gradient closure-flow,76.0,9.999999e-01,8.174954e-08,8.174955e-08
B. Gradient closure-flow,77.0,9.999999e-01,6.408766e-08,6.408766e-08
B. Gradient closure-flow,78.0,9.999999e-01,5.024160e-08,5.024160e-08
B. Gradient closure-flow,79.0,1.000000e+00,3.938696e-08,3.938696e-08
B. Gradient closure-flow,80.0,1.000000e+00,3.087746e-08,3.087746e-08
B. Gradient closure-flow,81.0,1.000000e+00,2.420642e-08,2.420642e-08
B. Gradient closure-flow,82.0,1.000000e+00,1.897665e-08,1.897665e-08
B. Gradient closure-flow,83.0,1.000000e+00,1.487677e-08,1.487677e-08
B. Gradient closure-flow,84.0,1.000000e+00,1.166266e-08,1.166266e-08
B. Gradient closure-flow,85.0,1.000000e+00,9.142958e-09,9.142958e-09
B. Gradient closure-flow,86.0,1.000000e+00,7.167633e-09,7.167633e-09
B. Gradient closure-flow,87.0,1.000000e+00,5.619074e-09,5.619074e-09
B. Gradient closure-flow,88.0,1.000000e+00,4.405080e-09,4.405080e-09
B. Gradient closure-flow,89.0,1.000000e+00,3.453368e-09,3.453368e-09
B. Gradient closure-flow,90.0,1.000000e+00,2.707272e-09,2.707272e-09
B. Gradient closure-flow,91.0,1.000000e+00,2.122369e-09,2.122369e-09
B. Gradient closure-flow,92.0,1.000000e+00,1.663834e-09,1.663834e-09
B. Gradient closure-flow,93.0,1.000000e+00,1.304365e-09,1.304365e-09
B. Gradient closure-flow,94.0,1.000000e+00,1.022558e-09,1.022558e-09
B. Gradient closure-flow,95.0,1.000000e+00,8.016356e-10,8.016356e-10
B. Gradient closure-flow,96.0,1.000000e+00,6.284432e-10,6.284432e-10
B. Gradient closure-flow,97.0,1.000000e+00,4.926688e-10,4.926688e-10
B. Gradient closure-flow,98.0,1.000000e+00,3.862283e-10,3.862283e-10
B. Gradient closure-flow,99.0,1.000000e+00,3.027841e-10,3.027841e-10
B. Gradient closure-flow,100.0,1.000000e+00,2.373679e-10,2.373679e-10
B. Gradient closure-flow,101.0,1.000000e+00,1.860848e-10,1.860848e-10
B. Gradient closure-flow,102.0,1.000000e+00,1.458814e-10,1.458814e-10
B. Gradient closure-flow,103.0,1.000000e+00,1.143639e-10,1.143639e-10
B. Gradient closure-flow,104.0,1.000000e+00,8.965564e-11,8.965564e-11
B. Gradient closure-flow,105.0,1.000000e+00,7.028565e-11,7.028565e-11
B. Gradient closure-flow,106.0,1.000000e+00,5.510047e-11,5.510047e-11
B. Gradient closure-flow,107.0,1.000000e+00,4.319605e-11,4.319605e-11
B. Gradient closure-flow,108.0,1.000000e+00,3.386357e-11,3.386357e-11
B. Gradient closure-flow,109.0,1.000000e+00,2.654733e-11,2.654733e-11
B. Gradient closure-flow,110.0,1.000000e+00,2.081181e-11,2.081181e-11
B. Gradient closure-flow,111.0,1.000000e+00,1.631540e-11,1.631540e-11
B. Gradient closure-flow,112.0,1.000000e+00,1.279044e-11,1.279044e-11
B. Gradient closure-flow,113.0,1.000000e+00,1.002706e-11,1.002706e-11
B. Gradient closure-flow,114.0,1.000000e+00,7.860687e-12,7.860687e-12
B. Gradient closure-flow,115.0,1.000000e+00,6.162364e-12,6.162364e-12
B. Gradient closure-flow,116.0,1.000000e+00,4.830973e-12,4.830973e-12
B. Gradient closure-flow,117.0,1.000000e+00,3.787208e-12,3.787208e-12
B. Gradient closure-flow,118.0,1.000000e+00,2.968938e-12,2.968938e-12
B. Gradient closure-flow,119.0,1.000000e+00,2.327488e-12,2.327488e-12
B. Gradient closure-flow,120.0,1.000000e+00,1.824629e-12,1.824629e-12
B. Gradient closure-flow,121.0,1.000000e+00,1.430374e-12,1.430374e-12
B. Gradient closure-flow,122.0,1.000000e+00,1.121300e-12,1.121300e-12
B. Gradient closure-flow,123.0,1.000000e+00,8.790121e-13,8.790121e-13
B. Gradient closure-flow,124.0,1.000000e+00,6.890770e-13,6.890770e-13
B. Gradient closure-flow,125.0,1.000000e+00,5.401809e-13,5.401809e-13
B. Gradient closure-flow,126.0,1.000000e+00,4.234402e-13,4.234402e-13
B. Gradient closure-flow,127.0,1.000000e+00,3.319090e-13,3.319090e-13
B. Gradient closure-flow,128.0,1.000000e+00,2.601784e-13,2.601784e-13
B. Gradient closure-flow,129.0,1.000000e+00,2.039311e-13,2.039311e-13
B. Gradient closure-flow,130.0,1.000000e+00,1.598773e-13,1.598773e-13
B. Gradient closure-flow,131.0,1.000000e+00,1.252564e-13,1.252564e-13
B. Gradient closure-flow,132.0,1.000000e+00,9.818102e-14,9.818102e-14
B. Gradient closure-flow,133.0,1.000000e+00,7.692483e-14,7.692483e-14
B. Gradient closure-flow,134.0,1.000000e+00,6.028081e-14,6.028081e-14
B. Gradient closure-flow,135.0,1.000000e+00,4.721826e-14,4.721826e-14
B. Gradient closure-flow,136.0,1.000000e+00,3.695295e-14,3.695295e-14
B. Gradient closure-flow,137.0,1.000000e+00,2.896931e-14,2.896931e-14
B. Gradient closure-flow,138.0,1.000000e+00,2.268427e-14,2.268427e-14
B. Gradient closure-flow,139.0,1.000000e+00,1.771477e-14,1.771477e-14
B. Gradient closure-flow,140.0,1.000000e+00,1.388565e-14,1.388565e-14
B. Gradient closure-flow,141.0,1.000000e+00,1.085856e-14,1.085856e-14
B. Gradient closure-flow,142.0,1.000000e+00,8.469457e-15,8.469457e-15
B. Gradient closure-flow,143.0,1.000000e+00,6.612425e-15,6.612425e-15
B. Gradient closure-flow,144.0,1.000000e+00,5.143785e-15,5.143785e-15
B. Gradient closure-flow,145.0,1.000000e+00,4.009694e-15,4.009694e-15
B. Gradient closure-flow,146.0,1.000000e+00,3.081188e-15,3.081188e-15
B. Gradient closure-flow,147.0,1.000000e+00,2.379420e-15,2.379420e-15
B. Gradient closure-flow,148.0,1.000000e+00,1.860050e-15,1.860050e-15
B. Gradient closure-flow,149.0,1.000000e+00,1.408843e-15,1.408843e-15
B. Gradient closure-flow,150.0,1.000000e+00,1.063320e-15,1.063320e-15
B. Gradient closure-flow,151.0,1.000000e+00,8.204024e-16,8.204024e-16
B. Gradient closure-flow,152.0,1.000000e+00,6.024302e-16,6.024302e-16
B. Gradient closure-flow,153.0,1.000000e+00,4.411030e-16,4.411030e-16
B. Gradient closure-flow,154.0,1.000000e+00,3.171958e-16,3.171958e-16
B. Gradient closure-flow,155.0,1.000000e+00,2.224525e-16,2.224525e-16
B. Gradient closure-flow,156.0,1.000000e+00,1.543812e-16,1.543812e-16
B. Gradient closure-flow,157.0,1.000000e+00,7.029132e-17,7.029132e-17
B. Gradient closure-flow,158.0,1.000000e+00,2.043104e-17,2.043104e-17
B. Gradient closure-flow,159.0,1.000000e+00,-1.969462e-17,-1.969462e-17
B. Gradient closure-flow,160.0,1.000000e+00,-6.208178e-17,-6.208178e-17
B. Gradient closure-flow,161.0,1.000000e+00,-6.954388e-17,-6.954388e-17
B. Gradient closure-flow,162.0,1.000000e+00,-5.969976e-17,-5.969976e-17
B. Gradient closure-flow,163.0,1.000000e+00,-1.032352e-16,-1.032352e-16
B. Gradient closure-flow,164.0,1.000000e+00,-1.055921e-16,-1.055921e-16
B. Gradient closure-flow,165.0,1.000000e+00,-1.232599e-16,-1.232599e-16
B. Gradient closure-flow,166.0,1.000000e+00,-1.178858e-16,-1.178858e-16
B. Gradient closure-flow,167.0,1.000000e+00,-1.257485e-16,-1.257485e-16
B. Gradient closure-flow,168.0,1.000000e+00,-1.423402e-16,-1.423402e-16
B. Gradient closure-flow,169.0,1.000000e+00,-1.437636e-16,-1.437636e-16
B. Gradient closure-flow,170.0,1.000000e+00,-1.443106e-16,-1.443106e-16
B. Gradient closure-flow,171.0,1.000000e+00,-1.677316e-16,-1.677316e-16
B. Gradient closure-flow,172.0,1.000000e+00,-1.334650e-16,-1.334650e-16
B. Gradient closure-flow,173.0,1.000000e+00,-1.477849e-16,-1.477849e-16
B. Gradient closure-flow,174.0,1.000000e+00,-1.461562e-16,-1.461562e-16
B. Gradient closure-flow,175.0,1.000000e+00,-1.590421e-16,-1.590421e-16
B. Gradient closure-flow,176.0,1.000000e+00,-1.576675e-16,-1.576675e-16
B. Gradient closure-flow,177.0,1.000000e+00,-1.725522e-16,-1.725522e-16
B. Gradient closure-flow,178.0,1.000000e+00,-1.520207e-16,-1.520207e-16
B. Gradient closure-flow,179.0,1.000000e+00,-1.396435e-16,-1.396435e-16
B. Gradient closure-flow,180.0,1.000000e+00,-1.444644e-16,-1.444644e-16
B. Gradient closure-flow,181.0,1.000000e+00,-1.478898e-16,-1.478898e-16
B. Gradient closure-flow,182.0,1.000000e+00,-1.306900e-16,-1.306900e-16
B. Gradient closure-flow,183.0,1.000000e+00,-1.395889e-16,-1.395889e-16
B. Gradient closure-flow,184.0,1.000000e+00,-1.532148e-16,-1.532148e-16
B. Gradient closure-flow,185.0,1.000000e+00,-1.624672e-16,-1.624672e-16
B. Gradient closure-flow,186.0,1.000000e+00,-1.451009e-16,-1.451009e-16
B. Gradient closure-flow,187.0,1.000000e+00,-1.327114e-16,-1.327114e-16
B. Gradient closure-flow,188.0,1.000000e+00,-1.584771e-16,-1.584771e-16
B. Gradient closure-flow,189.0,1.000000e+00,-1.468634e-16,-1.468634e-16
B. Gradient closure-flow,190.0,1.000000e+00,-1.577309e-16,-1.577309e-16
B. Gradient closure-flow,191.0,1.000000e+00,-1.348639e-16,-1.348639e-16
B. Gradient closure-flow,192.0,1.000000e+00,-1.505537e-16,-1.505537e-16
B. Gradient closure-flow,193.0,1.000000e+00,-1.698038e-16,-1.698038e-16
B. Gradient closure-flow,194.0,1.000000e+00,-1.726618e-16,-1.726618e-16
B. Gradient closure-flow,195.0,1.000000e+00,-1.467762e-16,-1.467762e-16
B. Gradient closure-flow,196.0,1.000000e+00,-1.485228e-16,-1.485228e-16
B. Gradient closure-flow,197.0,1.000000e+00,-1.623036e-16,-1.623036e-16
B. Gradient closure-flow,198.0,1.000000e+00,-1.359399e-16,-1.359399e-16
B. Gradient closure-flow,199.0,1.000000e+00,-1.480565e-16,-1.480565e-16
B. Gradient closure-flow,200.0,1.000000e+00,-1.415656e-16,-1.415656e-16
C. Inverse iteration on C_phi,0.0,8.087862e-01,1.912138e-01,2.364207e-01
C. Inverse iteration on C_phi,1.0,8.817127e-01,1.182873e-01,1.341563e-01
C. Inverse iteration on C_phi,2.0,9.978085e-01,2.191549e-03,2.196363e-03
C. Inverse iteration on C_phi,3.0,9.999581e-01,4.185528e-05,4.185704e-05
C. Inverse iteration on C_phi,4.0,9.999992e-01,8.423051e-07,8.423058e-07
C. Inverse iteration on C_phi,5.0,1.000000e+00,1.714044e-08,1.714044e-08
C. Inverse iteration on C_phi,6.0,1.000000e+00,3.495984e-10,3.495984e-10
C. Inverse iteration on C_phi,7.0,1.000000e+00,7.133641e-12,7.133641e-12
C. Inverse iteration on C_phi,8.0,1.000000e+00,1.454216e-13,1.454216e-13
C. Inverse iteration on C_phi,9.0,1.000000e+00,2.792780e-15,2.792780e-15
C. Inverse iteration on C_phi,10.0,1.000000e+00,-8.521315e-17,-8.521315e-17
C. Inverse iteration on C_phi,11.0,1.000000e+00,-1.358213e-16,-1.358213e-16
C. Inverse iteration on C_phi,12.0,1.000000e+00,-1.666464e-16,-1.666464e-16
C. Inverse iteration on C_phi,13.0,1.000000e+00,-1.562195e-16,-1.562195e-16
C. Inverse iteration on C_phi,14.0,1.000000e+00,-1.597039e-16,-1.597039e-16
C. Inverse iteration on C_phi,15.0,1.000000e+00,-1.403842e-16,-1.403842e-16
C. Inverse iteration on C_phi,16.0,1.000000e+00,-1.736394e-16,-1.736394e-16
C. Inverse iteration on C_phi,17.0,1.000000e+00,-1.525778e-16,-1.525778e-16
C. Inverse iteration on C_phi,18.0,1.000000e+00,-1.696013e-16,-1.696013e-16
C. Inverse iteration on C_phi,19.0,1.000000e+00,-1.537655e-16,-1.537655e-16
C. Inverse iteration on C_phi,20.0,1.000000e+00,-1.579620e-16,-1.579620e-16
C. Inverse iteration on C_phi,21.0,1.000000e+00,-1.566951e-16,-1.566951e-16
C. Inverse iteration on C_phi,22.0,1.000000e+00,-1.566951e-16,-1.566951e-16
C. Inverse iteration on C_phi,23.0,1.000000e+00,-1.566951e-16,-1.566951e-16
C. Inverse iteration on C_phi,24.0,1.000000e+00,-1.566951e-16,-1.566951e-16
C. Inverse iteration on C_phi,25.0,1.000000e+00,-1.566951e-16,-1.566951e-16
C. Inverse iteration on C_phi,26.0,1.000000e+00,-1.566951e-16,-1.566951e-16
C. Inverse iteration on C_phi,27.0,1.000000e+00,-1.566951e-16,-1.566951e-16
C. Inverse iteration on C_phi,28.0,1.000000e+00,-1.566951e-16,-1.566951e-16
C. Inverse iteration on C_phi,29.0,1.000000e+00,-1.566951e-16,-1.566951e-16
C. Inverse iteration on C_phi,30.0,1.000000e+00,-1.566951e-16,-1.566951e-16
C. Inverse iteration on C_phi,31.0,1.000000e+00,-1.566951e-16,-1.566951e-16
C. Inverse iteration on C_phi,32.0,1.000000e+00,-1.566951e-16,-1.566951e-16
C. Inverse iteration on C_phi,33.0,1.000000e+00,-1.566951e-16,-1.566951e-16
C. Inverse iteration on C_phi,34.0,1.000000e+00,-1.566951e-16,-1.566951e-16
C. Inverse iteration on C_phi,35.0,1.000000e+00,-1.566951e-16,-1.566951e-16
C. Inverse iteration on C_phi,36.0,1.000000e+00,-1.566951e-16,-1.566951e-16
C. Inverse iteration on C_phi,37.0,1.000000e+00,-1.566951e-16,-1.566951e-16
C. Inverse iteration on C_phi,38.0,1.000000e+00,-1.566951e-16,-1.566951e-16
C. Inverse iteration on C_phi,39.0,1.000000e+00,-1.566951e-16,-1.566951e-16
C. Inverse iteration on C_phi,40.0,1.000000e+00,-1.566951e-16,-1.566951e-16
C. Inverse iteration on C_phi,41.0,1.000000e+00,-1.566951e-16,-1.566951e-16
C. Inverse iteration on C_phi,42.0,1.000000e+00,-1.566951e-16,-1.566951e-16
C. Inverse iteration on C_phi,43.0,1.000000e+00,-1.566951e-16,-1.566951e-16
C. Inverse iteration on C_phi,44.0,1.000000e+00,-1.566951e-16,-1.566951e-16
C. Inverse iteration on C_phi,45.0,1.000000e+00,-1.566951e-16,-1.566951e-16
C. Inverse iteration on C_phi,46.0,1.000000e+00,-1.566951e-16,-1.566951e-16
C. Inverse iteration on C_phi,47.0,1.000000e+00,-1.566951e-16,-1.566951e-16
C. Inverse iteration on C_phi,48.0,1.000000e+00,-1.566951e-16,-1.566951e-16
C. Inverse iteration on C_phi,49.0,1.000000e+00,-1.566951e-16,-1.566951e-16
C. Inverse iteration on C_phi,50.0,1.000000e+00,-1.566951e-16,-1.566951e-16
C. Inverse iteration on C_phi,51.0,1.000000e+00,-1.566951e-16,-1.566951e-16
C. Inverse iteration on C_phi,52.0,1.000000e+00,-1.566951e-16,-1.566951e-16
C. Inverse iteration on C_phi,53.0,1.000000e+00,-1.566951e-16,-1.566951e-16
C. Inverse iteration on C_phi,54.0,1.000000e+00,-1.566951e-16,-1.566951e-16
C. Inverse iteration on C_phi,55.0,1.000000e+00,-1.566951e-16,-1.566951e-16
C. Inverse iteration on C_phi,56.0,1.000000e+00,-1.566951e-16,-1.566951e-16
C. Inverse iteration on C_phi,57.0,1.000000e+00,-1.566951e-16,-1.566951e-16
C. Inverse iteration on C_phi,58.0,1.000000e+00,-1.566951e-16,-1.566951e-16
C. Inverse iteration on C_phi,59.0,1.000000e+00,-1.566951e-16,-1.566951e-16
C. Inverse iteration on C_phi,60.0,1.000000e+00,-1.566951e-16,-1.566951e-16
C. Inverse iteration on C_phi,61.0,1.000000e+00,-1.566951e-16,-1.566951e-16
C. Inverse iteration on C_phi,62.0,1.000000e+00,-1.566951e-16,-1.566951e-16
C. Inverse iteration on C_phi,63.0,1.000000e+00,-1.566951e-16,-1.566951e-16
C. Inverse iteration on C_phi,64.0,1.000000e+00,-1.566951e-16,-1.566951e-16
C. Inverse iteration on C_phi,65.0,1.000000e+00,-1.566951e-16,-1.566951e-16
C. Inverse iteration on C_phi,66.0,1.000000e+00,-1.566951e-16,-1.566951e-16
C. Inverse iteration on C_phi,67.0,1.000000e+00,-1.566951e-16,-1.566951e-16
C. Inverse iteration on C_phi,68.0,1.000000e+00,-1.566951e-16,-1.566951e-16
C. Inverse iteration on C_phi,69.0,1.000000e+00,-1.566951e-16,-1.566951e-16
C. Inverse iteration on C_phi,70.0,1.000000e+00,-1.566951e-16,-1.566951e-16
C. Inverse iteration on C_phi,71.0,1.000000e+00,-1.566951e-16,-1.566951e-16
C. Inverse iteration on C_phi,72.0,1.000000e+00,-1.566951e-16,-1.566951e-16
C. Inverse iteration on C_phi,73.0,1.000000e+00,-1.566951e-16,-1.566951e-16
C. Inverse iteration on C_phi,74.0,1.000000e+00,-1.566951e-16,-1.566951e-16
C. Inverse iteration on C_phi,75.0,1.000000e+00,-1.566951e-16,-1.566951e-16
C. Inverse iteration on C_phi,76.0,1.000000e+00,-1.566951e-16,-1.566951e-16
C. Inverse iteration on C_phi,77.0,1.000000e+00,-1.566951e-16,-1.566951e-16
C. Inverse iteration on C_phi,78.0,1.000000e+00,-1.566951e-16,-1.566951e-16
C. Inverse iteration on C_phi,79.0,1.000000e+00,-1.566951e-16,-1.566951e-16
C. Inverse iteration on C_phi,80.0,1.000000e+00,-1.566951e-16,-1.566951e-16
C. Inverse iteration on C_phi,81.0,1.000000e+00,-1.566951e-16,-1.566951e-16
C. Inverse iteration on C_phi,82.0,1.000000e+00,-1.566951e-16,-1.566951e-16
C. Inverse iteration on C_phi,83.0,1.000000e+00,-1.566951e-16,-1.566951e-16
C. Inverse iteration on C_phi,84.0,1.000000e+00,-1.566951e-16,-1.566951e-16
C. Inverse iteration on C_phi,85.0,1.000000e+00,-1.566951e-16,-1.566951e-16
C. Inverse iteration on C_phi,86.0,1.000000e+00,-1.566951e-16,-1.566951e-16
C. Inverse iteration on C_phi,87.0,1.000000e+00,-1.566951e-16,-1.566951e-16
C. Inverse iteration on C_phi,88.0,1.000000e+00,-1.566951e-16,-1.566951e-16
C. Inverse iteration on C_phi,89.0,1.000000e+00,-1.566951e-16,-1.566951e-16
C. Inverse iteration on C_phi,90.0,1.000000e+00,-1.566951e-16,-1.566951e-16
C. Inverse iteration on C_phi,91.0,1.000000e+00,-1.566951e-16,-1.566951e-16
C. Inverse iteration on C_phi,92.0,1.000000e+00,-1.566951e-16,-1.566951e-16
C. Inverse iteration on C_phi,93.0,1.000000e+00,-1.566951e-16,-1.566951e-16
C. Inverse iteration on C_phi,94.0,1.000000e+00,-1.566951e-16,-1.566951e-16
C. Inverse iteration on C_phi,95.0,1.000000e+00,-1.566951e-16,-1.566951e-16
C. Inverse iteration on C_phi,96.0,1.000000e+00,-1.566951e-16,-1.566951e-16
C. Inverse iteration on C_phi,97.0,1.000000e+00,-1.566951e-16,-1.566951e-16
C. Inverse iteration on C_phi,98.0,1.000000e+00,-1.566951e-16,-1.566951e-16
C. Inverse iteration on C_phi,99.0,1.000000e+00,-1.566951e-16,-1.566951e-16
C. Inverse iteration on C_phi,100.0,1.000000e+00,-1.566951e-16,-1.566951e-16
C. Inverse iteration on C_phi,101.0,1.000000e+00,-1.566951e-16,-1.566951e-16
C. Inverse iteration on C_phi,102.0,1.000000e+00,-1.566951e-16,-1.566951e-16
C. Inverse iteration on C_phi,103.0,1.000000e+00,-1.566951e-16,-1.566951e-16
C. Inverse iteration on C_phi,104.0,1.000000e+00,-1.566951e-16,-1.566951e-16
C. Inverse iteration on C_phi,105.0,1.000000e+00,-1.566951e-16,-1.566951e-16
C. Inverse iteration on C_phi,106.0,1.000000e+00,-1.566951e-16,-1.566951e-16
C. Inverse iteration on C_phi,107.0,1.000000e+00,-1.566951e-16,-1.566951e-16
C. Inverse iteration on C_phi,108.0,1.000000e+00,-1.566951e-16,-1.566951e-16
C. Inverse iteration on C_phi,109.0,1.000000e+00,-1.566951e-16,-1.566951e-16
C. Inverse iteration on C_phi,110.0,1.000000e+00,-1.566951e-16,-1.566951e-16
C. Inverse iteration on C_phi,111.0,1.000000e+00,-1.566951e-16,-1.566951e-16
C. Inverse iteration on C_phi,112.0,1.000000e+00,-1.566951e-16,-1.566951e-16
C. Inverse iteration on C_phi,113.0,1.000000e+00,-1.566951e-16,-1.566951e-16
C. Inverse iteration on C_phi,114.0,1.000000e+00,-1.566951e-16,-1.566951e-16
C. Inverse iteration on C_phi,115.0,1.000000e+00,-1.566951e-16,-1.566951e-16
C. Inverse iteration on C_phi,116.0,1.000000e+00,-1.566951e-16,-1.566951e-16
C. Inverse iteration on C_phi,117.0,1.000000e+00,-1.566951e-16,-1.566951e-16
C. Inverse iteration on C_phi,118.0,1.000000e+00,-1.566951e-16,-1.566951e-16
C. Inverse iteration on C_phi,119.0,1.000000e+00,-1.566951e-16,-1.566951e-16
C. Inverse iteration on C_phi,120.0,1.000000e+00,-1.566951e-16,-1.566951e-16
C. Inverse iteration on C_phi,121.0,1.000000e+00,-1.566951e-16,-1.566951e-16
C. Inverse iteration on C_phi,122.0,1.000000e+00,-1.566951e-16,-1.566951e-16
C. Inverse iteration on C_phi,123.0,1.000000e+00,-1.566951e-16,-1.566951e-16
C. Inverse iteration on C_phi,124.0,1.000000e+00,-1.566951e-16,-1.566951e-16
C. Inverse iteration on C_phi,125.0,1.000000e+00,-1.566951e-16,-1.566951e-16
C. Inverse iteration on C_phi,126.0,1.000000e+00,-1.566951e-16,-1.566951e-16
C. Inverse iteration on C_phi,127.0,1.000000e+00,-1.566951e-16,-1.566951e-16
C. Inverse iteration on C_phi,128.0,1.000000e+00,-1.566951e-16,-1.566951e-16
C. Inverse iteration on C_phi,129.0,1.000000e+00,-1.566951e-16,-1.566951e-16
C. Inverse iteration on C_phi,130.0,1.000000e+00,-1.566951e-16,-1.566951e-16
C. Inverse iteration on C_phi,131.0,1.000000e+00,-1.566951e-16,-1.566951e-16
C. Inverse iteration on C_phi,132.0,1.000000e+00,-1.566951e-16,-1.566951e-16
C. Inverse iteration on C_phi,133.0,1.000000e+00,-1.566951e-16,-1.566951e-16
C. Inverse iteration on C_phi,134.0,1.000000e+00,-1.566951e-16,-1.566951e-16
C. Inverse iteration on C_phi,135.0,1.000000e+00,-1.566951e-16,-1.566951e-16
C. Inverse iteration on C_phi,136.0,1.000000e+00,-1.566951e-16,-1.566951e-16
C. Inverse iteration on C_phi,137.0,1.000000e+00,-1.566951e-16,-1.566951e-16
C. Inverse iteration on C_phi,138.0,1.000000e+00,-1.566951e-16,-1.566951e-16
C. Inverse iteration on C_phi,139.0,1.000000e+00,-1.566951e-16,-1.566951e-16
C. Inverse iteration on C_phi,140.0,1.000000e+00,-1.566951e-16,-1.566951e-16
C. Inverse iteration on C_phi,141.0,1.000000e+00,-1.566951e-16,-1.566951e-16
C. Inverse iteration on C_phi,142.0,1.000000e+00,-1.566951e-16,-1.566951e-16
C. Inverse iteration on C_phi,143.0,1.000000e+00,-1.566951e-16,-1.566951e-16
C. Inverse iteration on C_phi,144.0,1.000000e+00,-1.566951e-16,-1.566951e-16
C. Inverse iteration on C_phi,145.0,1.000000e+00,-1.566951e-16,-1.566951e-16
C. Inverse iteration on C_phi,146.0,1.000000e+00,-1.566951e-16,-1.566951e-16
C. Inverse iteration on C_phi,147.0,1.000000e+00,-1.566951e-16,-1.566951e-16
C. Inverse iteration on C_phi,148.0,1.000000e+00,-1.566951e-16,-1.566951e-16
C. Inverse iteration on C_phi,149.0,1.000000e+00,-1.566951e-16,-1.566951e-16
C. Inverse iteration on C_phi,150.0,1.000000e+00,-1.566951e-16,-1.566951e-16
C. Inverse iteration on C_phi,151.0,1.000000e+00,-1.566951e-16,-1.566951e-16
C. Inverse iteration on C_phi,152.0,1.000000e+00,-1.566951e-16,-1.566951e-16
C. Inverse iteration on C_phi,153.0,1.000000e+00,-1.566951e-16,-1.566951e-16
C. Inverse iteration on C_phi,154.0,1.000000e+00,-1.566951e-16,-1.566951e-16
C. Inverse iteration on C_phi,155.0,1.000000e+00,-1.566951e-16,-1.566951e-16
C. Inverse iteration on C_phi,156.0,1.000000e+00,-1.566951e-16,-1.566951e-16
C. Inverse iteration on C_phi,157.0,1.000000e+00,-1.566951e-16,-1.566951e-16
C. Inverse iteration on C_phi,158.0,1.000000e+00,-1.566951e-16,-1.566951e-16
C. Inverse iteration on C_phi,159.0,1.000000e+00,-1.566951e-16,-1.566951e-16
C. Inverse iteration on C_phi,160.0,1.000000e+00,-1.566951e-16,-1.566951e-16
C. Inverse iteration on C_phi,161.0,1.000000e+00,-1.566951e-16,-1.566951e-16
C. Inverse iteration on C_phi,162.0,1.000000e+00,-1.566951e-16,-1.566951e-16
C. Inverse iteration on C_phi,163.0,1.000000e+00,-1.566951e-16,-1.566951e-16
C. Inverse iteration on C_phi,164.0,1.000000e+00,-1.566951e-16,-1.566951e-16
C. Inverse iteration on C_phi,165.0,1.000000e+00,-1.566951e-16,-1.566951e-16
C. Inverse iteration on C_phi,166.0,1.000000e+00,-1.566951e-16,-1.566951e-16
C. Inverse iteration on C_phi,167.0,1.000000e+00,-1.566951e-16,-1.566951e-16
C. Inverse iteration on C_phi,168.0,1.000000e+00,-1.566951e-16,-1.566951e-16
C. Inverse iteration on C_phi,169.0,1.000000e+00,-1.566951e-16,-1.566951e-16
C. Inverse iteration on C_phi,170.0,1.000000e+00,-1.566951e-16,-1.566951e-16
C. Inverse iteration on C_phi,171.0,1.000000e+00,-1.566951e-16,-1.566951e-16
C. Inverse iteration on C_phi,172.0,1.000000e+00,-1.566951e-16,-1.566951e-16
C. Inverse iteration on C_phi,173.0,1.000000e+00,-1.566951e-16,-1.566951e-16
C. Inverse iteration on C_phi,174.0,1.000000e+00,-1.566951e-16,-1.566951e-16
C. Inverse iteration on C_phi,175.0,1.000000e+00,-1.566951e-16,-1.566951e-16
C. Inverse iteration on C_phi,176.0,1.000000e+00,-1.566951e-16,-1.566951e-16
C. Inverse iteration on C_phi,177.0,1.000000e+00,-1.566951e-16,-1.566951e-16
C. Inverse iteration on C_phi,178.0,1.000000e+00,-1.566951e-16,-1.566951e-16
C. Inverse iteration on C_phi,179.0,1.000000e+00,-1.566951e-16,-1.566951e-16
C. Inverse iteration on C_phi,180.0,1.000000e+00,-1.566951e-16,-1.566951e-16
C. Inverse iteration on C_phi,181.0,1.000000e+00,-1.566951e-16,-1.566951e-16
C. Inverse iteration on C_phi,182.0,1.000000e+00,-1.566951e-16,-1.566951e-16
C. Inverse iteration on C_phi,183.0,1.000000e+00,-1.566951e-16,-1.566951e-16
C. Inverse iteration on C_phi,184.0,1.000000e+00,-1.566951e-16,-1.566951e-16
C. Inverse iteration on C_phi,185.0,1.000000e+00,-1.566951e-16,-1.566951e-16
C. Inverse iteration on C_phi,186.0,1.000000e+00,-1.566951e-16,-1.566951e-16
C. Inverse iteration on C_phi,187.0,1.000000e+00,-1.566951e-16,-1.566951e-16
C. Inverse iteration on C_phi,188.0,1.000000e+00,-1.566951e-16,-1.566951e-16
C. Inverse iteration on C_phi,189.0,1.000000e+00,-1.566951e-16,-1.566951e-16
C. Inverse iteration on C_phi,190.0,1.000000e+00,-1.566951e-16,-1.566951e-16
C. Inverse iteration on C_phi,191.0,1.000000e+00,-1.566951e-16,-1.566951e-16
C. Inverse iteration on C_phi,192.0,1.000000e+00,-1.566951e-16,-1.566951e-16
C. Inverse iteration on C_phi,193.0,1.000000e+00,-1.566951e-16,-1.566951e-16
C. Inverse iteration on C_phi,194.0,1.000000e+00,-1.566951e-16,-1.566951e-16
C. Inverse iteration on C_phi,195.0,1.000000e+00,-1.566951e-16,-1.566951e-16
C. Inverse iteration on C_phi,196.0,1.000000e+00,-1.566951e-16,-1.566951e-16
C. Inverse iteration on C_phi,197.0,1.000000e+00,-1.566951e-16,-1.566951e-16
C. Inverse iteration on C_phi,198.0,1.000000e+00,-1.566951e-16,-1.566951e-16
C. Inverse iteration on C_phi,199.0,1.000000e+00,-1.566951e-16,-1.566951e-16
C. Inverse iteration on C_phi,200.0,1.000000e+00,-1.566951e-16,-1.566951e-16
D. Closure-flow + tau-broken noise,0.0,8.087862e-01,1.912138e-01,2.364207e-01
D. Closure-flow + tau-broken noise,1.0,7.687594e-01,2.312406e-01,3.007971e-01
D. Closure-flow + tau-broken noise,2.0,6.889975e-01,3.110025e-01,4.513841e-01
D. Closure-flow + tau-broken noise,3.0,5.782796e-01,4.217204e-01,7.292673e-01
D. Closure-flow + tau-broken noise,4.0,4.627099e-01,5.372901e-01,1.161181e+00
D. Closure-flow + tau-broken noise,5.0,3.739723e-01,6.260277e-01,1.673995e+00
D. Closure-flow + tau-broken noise,6.0,3.481417e-01,6.518583e-01,1.872394e+00
D. Closure-flow + tau-broken noise,7.0,3.547898e-01,6.452102e-01,1.818571e+00
D. Closure-flow + tau-broken noise,8.0,3.988031e-01,6.011969e-01,1.507503e+00
D. Closure-flow + tau-broken noise,9.0,4.410174e-01,5.589826e-01,1.267484e+00
D. Closure-flow + tau-broken noise,10.0,4.913696e-01,5.086304e-01,1.035128e+00
D. Closure-flow + tau-broken noise,11.0,5.496249e-01,4.503751e-01,8.194225e-01
D. Closure-flow + tau-broken noise,12.0,6.115295e-01,3.884705e-01,6.352440e-01
D. Closure-flow + tau-broken noise,13.0,6.705725e-01,3.294275e-01,4.912630e-01
D. Closure-flow + tau-broken noise,14.0,7.304862e-01,2.695138e-01,3.689513e-01
D. Closure-flow + tau-broken noise,15.0,7.735706e-01,2.264294e-01,2.927069e-01
D. Closure-flow + tau-broken noise,16.0,8.205174e-01,1.794826e-01,2.187432e-01
D. Closure-flow + tau-broken noise,17.0,8.566698e-01,1.433302e-01,1.673109e-01
D. Closure-flow + tau-broken noise,18.0,8.853555e-01,1.146445e-01,1.294898e-01
D. Closure-flow + tau-broken noise,19.0,9.017307e-01,9.826935e-02,1.089786e-01
D. Closure-flow + tau-broken noise,20.0,9.151020e-01,8.489801e-02,9.277437e-02
D. Closure-flow + tau-broken noise,21.0,9.398590e-01,6.014102e-02,6.398940e-02
D. Closure-flow + tau-broken noise,22.0,9.555831e-01,4.441694e-02,4.648151e-02
D. Closure-flow + tau-broken noise,23.0,9.620273e-01,3.797268e-02,3.947152e-02
D. Closure-flow + tau-broken noise,24.0,9.664941e-01,3.350593e-02,3.466750e-02
D. Closure-flow + tau-broken noise,25.0,9.715111e-01,2.848887e-02,2.932429e-02
D. Closure-flow + tau-broken noise,26.0,9.770891e-01,2.291091e-02,2.344813e-02
D. Closure-flow + tau-broken noise,27.0,9.839802e-01,1.601983e-02,1.628064e-02
D. Closure-flow + tau-broken noise,28.0,9.798750e-01,2.012501e-02,2.053835e-02
D. Closure-flow + tau-broken noise,29.0,9.884137e-01,1.158629e-02,1.172211e-02
D. Closure-flow + tau-broken noise,30.0,9.861751e-01,1.382490e-02,1.401871e-02
D. Closure-flow + tau-broken noise,31.0,9.887720e-01,1.122800e-02,1.135550e-02
D. Closure-flow + tau-broken noise,32.0,9.892548e-01,1.074516e-02,1.086187e-02
D. Closure-flow + tau-broken noise,33.0,9.850556e-01,1.494444e-02,1.517116e-02
D. Closure-flow + tau-broken noise,34.0,9.881064e-01,1.189358e-02,1.203674e-02
D. Closure-flow + tau-broken noise,35.0,9.875012e-01,1.249884e-02,1.265704e-02
D. Closure-flow + tau-broken noise,36.0,9.908415e-01,9.158457e-03,9.243110e-03
D. Closure-flow + tau-broken noise,37.0,9.928749e-01,7.125148e-03,7.176280e-03
D. Closure-flow + tau-broken noise,38.0,9.947867e-01,5.213294e-03,5.240615e-03
D. Closure-flow + tau-broken noise,39.0,9.940481e-01,5.951872e-03,5.987509e-03
D. Closure-flow + tau-broken noise,40.0,9.961976e-01,3.802389e-03,3.816902e-03
D. Closure-flow + tau-broken noise,41.0,9.970742e-01,2.925796e-03,2.934381e-03
D. Closure-flow + tau-broken noise,42.0,9.970801e-01,2.919878e-03,2.928429e-03
D. Closure-flow + tau-broken noise,43.0,9.959290e-01,4.070956e-03,4.087596e-03
D. Closure-flow + tau-broken noise,44.0,9.937036e-01,6.296438e-03,6.336334e-03
D. Closure-flow + tau-broken noise,45.0,9.961086e-01,3.891407e-03,3.906609e-03
D. Closure-flow + tau-broken noise,46.0,9.927522e-01,7.247771e-03,7.300685e-03
D. Closure-flow + tau-broken noise,47.0,9.940945e-01,5.905459e-03,5.940541e-03
D. Closure-flow + tau-broken noise,48.0,9.942803e-01,5.719726e-03,5.752629e-03
D. Closure-flow + tau-broken noise,49.0,9.956504e-01,4.349632e-03,4.368634e-03
D. Closure-flow + tau-broken noise,50.0,9.940701e-01,5.929907e-03,5.965281e-03
D. Closure-flow + tau-broken noise,51.0,9.944174e-01,5.582568e-03,5.613908e-03
D. Closure-flow + tau-broken noise,52.0,9.961594e-01,3.840635e-03,3.855443e-03
D. Closure-flow + tau-broken noise,53.0,9.948361e-01,5.163877e-03,5.190681e-03
D. Closure-flow + tau-broken noise,54.0,9.919448e-01,8.055212e-03,8.120625e-03
D. Closure-flow + tau-broken noise,55.0,9.927026e-01,7.297376e-03,7.351019e-03
D. Closure-flow + tau-broken noise,56.0,9.931382e-01,6.861801e-03,6.909211e-03
D. Closure-flow + tau-broken noise,57.0,9.942793e-01,5.720738e-03,5.753653e-03
D. Closure-flow + tau-broken noise,58.0,9.926252e-01,7.374847e-03,7.429640e-03
D. Closure-flow + tau-broken noise,59.0,9.920767e-01,7.923322e-03,7.986603e-03
D. Closure-flow + tau-broken noise,60.0,9.915926e-01,8.407376e-03,8.478659e-03
D. Closure-flow + tau-broken noise,61.0,9.949058e-01,5.094199e-03,5.120282e-03
D. Closure-flow + tau-broken noise,62.0,9.951470e-01,4.853013e-03,4.876680e-03
D. Closure-flow + tau-broken noise,63.0,9.944971e-01,5.502875e-03,5.533324e-03
D. Closure-flow + tau-broken noise,64.0,9.955635e-01,4.436548e-03,4.456318e-03
D. Closure-flow + tau-broken noise,65.0,9.949749e-01,5.025056e-03,5.050435e-03
D. Closure-flow + tau-broken noise,66.0,9.938871e-01,6.112896e-03,6.150493e-03
D. Closure-flow + tau-broken noise,67.0,9.962935e-01,3.706524e-03,3.720314e-03
D. Closure-flow + tau-broken noise,68.0,9.966243e-01,3.375748e-03,3.387182e-03
D. Closure-flow + tau-broken noise,69.0,9.967008e-01,3.299154e-03,3.310074e-03
D. Closure-flow + tau-broken noise,70.0,9.962640e-01,3.735981e-03,3.749991e-03
D. Closure-flow + tau-broken noise,71.0,9.929104e-01,7.089566e-03,7.140187e-03
D. Closure-flow + tau-broken noise,72.0,9.947732e-01,5.226809e-03,5.254272e-03
D. Closure-flow + tau-broken noise,73.0,9.949746e-01,5.025399e-03,5.050781e-03
D. Closure-flow + tau-broken noise,74.0,9.959891e-01,4.010935e-03,4.027088e-03
D. Closure-flow + tau-broken noise,75.0,9.971552e-01,2.844775e-03,2.852891e-03
D. Closure-flow + tau-broken noise,76.0,9.961522e-01,3.847772e-03,3.862634e-03
D. Closure-flow + tau-broken noise,77.0,9.956259e-01,4.374135e-03,4.393352e-03
D. Closure-flow + tau-broken noise,78.0,9.961625e-01,3.837466e-03,3.852248e-03
D. Closure-flow + tau-broken noise,79.0,9.938199e-01,6.180066e-03,6.218497e-03
D. Closure-flow + tau-broken noise,80.0,9.950563e-01,4.943705e-03,4.968267e-03
D. Closure-flow + tau-broken noise,81.0,9.962724e-01,3.727600e-03,3.741547e-03
D. Closure-flow + tau-broken noise,82.0,9.978636e-01,2.136365e-03,2.140939e-03
D. Closure-flow + tau-broken noise,83.0,9.982683e-01,1.731745e-03,1.734750e-03
D. Closure-flow + tau-broken noise,84.0,9.967384e-01,3.261582e-03,3.272254e-03
D. Closure-flow + tau-broken noise,85.0,9.955493e-01,4.450699e-03,4.470597e-03
D. Closure-flow + tau-broken noise,86.0,9.947258e-01,5.274157e-03,5.302122e-03
D. Closure-flow + tau-broken noise,87.0,9.941614e-01,5.838587e-03,5.872876e-03
D. Closure-flow + tau-broken noise,88.0,9.959988e-01,4.001241e-03,4.017315e-03
D. Closure-flow + tau-broken noise,89.0,9.958032e-01,4.196752e-03,4.214439e-03
D. Closure-flow + tau-broken noise,90.0,9.955323e-01,4.467664e-03,4.487713e-03
D. Closure-flow + tau-broken noise,91.0,9.934714e-01,6.528621e-03,6.571524e-03
D. Closure-flow + tau-broken noise,92.0,9.910305e-01,8.969493e-03,9.050673e-03
D. Closure-flow + tau-broken noise,93.0,9.863326e-01,1.366738e-02,1.385677e-02
D. Closure-flow + tau-broken noise,94.0,9.933845e-01,6.615484e-03,6.659540e-03
D. Closure-flow + tau-broken noise,95.0,9.942940e-01,5.705993e-03,5.738738e-03
D. Closure-flow + tau-broken noise,96.0,9.938238e-01,6.176182e-03,6.214564e-03
D. Closure-flow + tau-broken noise,97.0,9.934873e-01,6.512713e-03,6.555406e-03
D. Closure-flow + tau-broken noise,98.0,9.948237e-01,5.176316e-03,5.203250e-03
D. Closure-flow + tau-broken noise,99.0,9.942693e-01,5.730748e-03,5.763779e-03
D. Closure-flow + tau-broken noise,100.0,9.947196e-01,5.280372e-03,5.308402e-03
D. Closure-flow + tau-broken noise,101.0,9.958759e-01,4.124144e-03,4.141223e-03
D. Closure-flow + tau-broken noise,102.0,9.941490e-01,5.851017e-03,5.885453e-03
D. Closure-flow + tau-broken noise,103.0,9.965645e-01,3.435458e-03,3.447301e-03
D. Closure-flow + tau-broken noise,104.0,9.961955e-01,3.804454e-03,3.818983e-03
D. Closure-flow + tau-broken noise,105.0,9.970226e-01,2.977392e-03,2.986283e-03
D. Closure-flow + tau-broken noise,106.0,9.963669e-01,3.633097e-03,3.646344e-03
D. Closure-flow + tau-broken noise,107.0,9.964723e-01,3.527705e-03,3.540194e-03
D. Closure-flow + tau-broken noise,108.0,9.955862e-01,4.413770e-03,4.433338e-03
D. Closure-flow + tau-broken noise,109.0,9.966819e-01,3.318133e-03,3.329179e-03
D. Closure-flow + tau-broken noise,110.0,9.948343e-01,5.165674e-03,5.192497e-03
D. Closure-flow + tau-broken noise,111.0,9.967047e-01,3.295344e-03,3.306239e-03
D. Closure-flow + tau-broken noise,112.0,9.955605e-01,4.439535e-03,4.459332e-03
D. Closure-flow + tau-broken noise,113.0,9.971727e-01,2.827296e-03,2.835312e-03
D. Closure-flow + tau-broken noise,114.0,9.962481e-01,3.751947e-03,3.766077e-03
D. Closure-flow + tau-broken noise,115.0,9.955010e-01,4.499012e-03,4.519344e-03
D. Closure-flow + tau-broken noise,116.0,9.948341e-01,5.165932e-03,5.192758e-03
D. Closure-flow + tau-broken noise,117.0,9.936788e-01,6.321226e-03,6.361438e-03
D. Closure-flow + tau-broken noise,118.0,9.945149e-01,5.485089e-03,5.515341e-03
D. Closure-flow + tau-broken noise,119.0,9.924802e-01,7.519773e-03,7.576748e-03
D. Closure-flow + tau-broken noise,120.0,9.930007e-01,6.999303e-03,7.048639e-03
D. Closure-flow + tau-broken noise,121.0,9.952608e-01,4.739226e-03,4.761794e-03
D. Closure-flow + tau-broken noise,122.0,9.948606e-01,5.139416e-03,5.165966e-03
D. Closure-flow + tau-broken noise,123.0,9.946205e-01,5.379505e-03,5.408601e-03
D. Closure-flow + tau-broken noise,124.0,9.950996e-01,4.900401e-03,4.924533e-03
D. Closure-flow + tau-broken noise,125.0,9.971137e-01,2.886350e-03,2.894705e-03
D. Closure-flow + tau-broken noise,126.0,9.963089e-01,3.691147e-03,3.704822e-03
D. Closure-flow + tau-broken noise,127.0,9.946219e-01,5.378080e-03,5.407161e-03
D. Closure-flow + tau-broken noise,128.0,9.951320e-01,4.867986e-03,4.891799e-03
D. Closure-flow + tau-broken noise,129.0,9.953315e-01,4.668516e-03,4.690413e-03
D. Closure-flow + tau-broken noise,130.0,9.938248e-01,6.175178e-03,6.213548e-03
D. Closure-flow + tau-broken noise,131.0,9.950295e-01,4.970495e-03,4.995324e-03
D. Closure-flow + tau-broken noise,132.0,9.939690e-01,6.030958e-03,6.067551e-03
D. Closure-flow + tau-broken noise,133.0,9.957991e-01,4.200881e-03,4.218602e-03
D. Closure-flow + tau-broken noise,134.0,9.962884e-01,3.711576e-03,3.725403e-03
D. Closure-flow + tau-broken noise,135.0,9.948384e-01,5.161649e-03,5.188429e-03
D. Closure-flow + tau-broken noise,136.0,9.936956e-01,6.304419e-03,6.344417e-03
D. Closure-flow + tau-broken noise,137.0,9.928384e-01,7.161635e-03,7.213294e-03
D. Closure-flow + tau-broken noise,138.0,9.914768e-01,8.523222e-03,8.596491e-03
D. Closure-flow + tau-broken noise,139.0,9.942202e-01,5.779770e-03,5.813370e-03
D. Closure-flow + tau-broken noise,140.0,9.916093e-01,8.390719e-03,8.461719e-03
D. Closure-flow + tau-broken noise,141.0,9.918338e-01,8.166215e-03,8.233451e-03
D. Closure-flow + tau-broken noise,142.0,9.908407e-01,9.159293e-03,9.243961e-03
D. Closure-flow + tau-broken noise,143.0,9.917844e-01,8.215566e-03,8.283620e-03
D. Closure-flow + tau-broken noise,144.0,9.930162e-01,6.983805e-03,7.032921e-03
D. Closure-flow + tau-broken noise,145.0,9.939207e-01,6.079317e-03,6.116501e-03
D. Closure-flow + tau-broken noise,146.0,9.936078e-01,6.392152e-03,6.433274e-03
D. Closure-flow + tau-broken noise,147.0,9.928209e-01,7.179072e-03,7.230983e-03
D. Closure-flow + tau-broken noise,148.0,9.945430e-01,5.457033e-03,5.486975e-03
D. Closure-flow + tau-broken noise,149.0,9.932915e-01,6.708470e-03,6.753777e-03
D. Closure-flow + tau-broken noise,150.0,9.923208e-01,7.679161e-03,7.738587e-03
D. Closure-flow + tau-broken noise,151.0,9.940965e-01,5.903529e-03,5.938587e-03
D. Closure-flow + tau-broken noise,152.0,9.890485e-01,1.095154e-02,1.107281e-02
D. Closure-flow + tau-broken noise,153.0,9.899371e-01,1.006293e-02,1.016522e-02
D. Closure-flow + tau-broken noise,154.0,9.921084e-01,7.891562e-03,7.954334e-03
D. Closure-flow + tau-broken noise,155.0,9.911954e-01,8.804583e-03,8.882792e-03
D. Closure-flow + tau-broken noise,156.0,9.888347e-01,1.116526e-02,1.129133e-02
D. Closure-flow + tau-broken noise,157.0,9.899305e-01,1.006950e-02,1.017193e-02
D. Closure-flow + tau-broken noise,158.0,9.897129e-01,1.028710e-02,1.039402e-02
D. Closure-flow + tau-broken noise,159.0,9.930278e-01,6.972202e-03,7.021155e-03
D. Closure-flow + tau-broken noise,160.0,9.880368e-01,1.196320e-02,1.210805e-02
D. Closure-flow + tau-broken noise,161.0,9.917973e-01,8.202680e-03,8.270520e-03
D. Closure-flow + tau-broken noise,162.0,9.908879e-01,9.112077e-03,9.195870e-03
D. Closure-flow + tau-broken noise,163.0,9.933070e-01,6.693001e-03,6.738099e-03
D. Closure-flow + tau-broken noise,164.0,9.927886e-01,7.211399e-03,7.263781e-03
D. Closure-flow + tau-broken noise,165.0,9.930759e-01,6.924139e-03,6.972417e-03
D. Closure-flow + tau-broken noise,166.0,9.929624e-01,7.037637e-03,7.087517e-03
D. Closure-flow + tau-broken noise,167.0,9.945592e-01,5.440823e-03,5.470587e-03
D. Closure-flow + tau-broken noise,168.0,9.955826e-01,4.417351e-03,4.436951e-03
D. Closure-flow + tau-broken noise,169.0,9.946459e-01,5.354142e-03,5.382963e-03
D. Closure-flow + tau-broken noise,170.0,9.949421e-01,5.057893e-03,5.083605e-03
D. Closure-flow + tau-broken noise,171.0,9.951844e-01,4.815633e-03,4.838936e-03
D. Closure-flow + tau-broken noise,172.0,9.958362e-01,4.163829e-03,4.181239e-03
D. Closure-flow + tau-broken noise,173.0,9.964833e-01,3.516669e-03,3.529080e-03
D. Closure-flow + tau-broken noise,174.0,9.962254e-01,3.774607e-03,3.788909e-03
D. Closure-flow + tau-broken noise,175.0,9.968254e-01,3.174588e-03,3.184698e-03
D. Closure-flow + tau-broken noise,176.0,9.968298e-01,3.170193e-03,3.180276e-03
D. Closure-flow + tau-broken noise,177.0,9.964942e-01,3.505816e-03,3.518150e-03
D. Closure-flow + tau-broken noise,178.0,9.968258e-01,3.174219e-03,3.184327e-03
D. Closure-flow + tau-broken noise,179.0,9.962929e-01,3.707100e-03,3.720894e-03
D. Closure-flow + tau-broken noise,180.0,9.958667e-01,4.133292e-03,4.150447e-03
D. Closure-flow + tau-broken noise,181.0,9.960779e-01,3.922100e-03,3.937543e-03
D. Closure-flow + tau-broken noise,182.0,9.963973e-01,3.602677e-03,3.615703e-03
D. Closure-flow + tau-broken noise,183.0,9.955886e-01,4.411364e-03,4.430911e-03
D. Closure-flow + tau-broken noise,184.0,9.959776e-01,4.022403e-03,4.038648e-03
D. Closure-flow + tau-broken noise,185.0,9.948016e-01,5.198376e-03,5.225541e-03
D. Closure-flow + tau-broken noise,186.0,9.936249e-01,6.375121e-03,6.416024e-03
D. Closure-flow + tau-broken noise,187.0,9.941491e-01,5.850878e-03,5.885312e-03
D. Closure-flow + tau-broken noise,188.0,9.940171e-01,5.982947e-03,6.018959e-03
D. Closure-flow + tau-broken noise,189.0,9.929697e-01,7.030332e-03,7.080108e-03
D. Closure-flow + tau-broken noise,190.0,9.921105e-01,7.889510e-03,7.952250e-03
D. Closure-flow + tau-broken noise,191.0,9.920974e-01,7.902559e-03,7.965507e-03
D. Closure-flow + tau-broken noise,192.0,9.915768e-01,8.423210e-03,8.494764e-03
D. Closure-flow + tau-broken noise,193.0,9.918740e-01,8.125952e-03,8.192524e-03
D. Closure-flow + tau-broken noise,194.0,9.956802e-01,4.319769e-03,4.338510e-03
D. Closure-flow + tau-broken noise,195.0,9.932560e-01,6.744039e-03,6.789830e-03
D. Closure-flow + tau-broken noise,196.0,9.931826e-01,6.817446e-03,6.864243e-03
D. Closure-flow + tau-broken noise,197.0,9.941404e-01,5.859637e-03,5.894174e-03
D. Closure-flow + tau-broken noise,198.0,9.947521e-01,5.247851e-03,5.275536e-03
D. Closure-flow + tau-broken noise,199.0,9.944848e-01,5.515175e-03,5.545761e-03
D. Closure-flow + tau-broken noise,200.0,9.951856e-01,4.814359e-03,4.837649e-03
